﻿<?xml version="1.0" encoding="utf-8" ?>
<Patch>

 <!--================================ patches for mod sd medicaddons ======================================-->
 
	
	<!--========================= adding facilities =============================-->
	
	<Operation Class="PatchOperationSequence">
		<success>Always</success>
		<operations>
			<li Class="sd_medicaddons.PatchOperationFindMod">
				<modName>[T] MoreBedsCloth</modName>
			</li>
			<li Class="PatchOperationAdd">
				<xpath>*/ThingDef[@Name = "TBedBase"]/comps/li[@Class = "CompProperties_AffectedByFacilities"]/linkableFacilities</xpath>
				<value>
				  <li>sd_medicaddons_medieval_surg_washpan</li>  
				  <li>sd_medicaddons_medieval_surg_instruments</li>
				  <li>sd_medicaddons_medieval_surg_lamp</li>
				  <li>sd_medicaddons_industrial_surg_instruments</li>
				  <li>sd_medicaddons_industrial_surg_lamp</li>
				  <li>sd_medicaddons_spacer_surg_vitalsmonitor</li>
				  <li>sd_medicaddons_spacer_surg_instruments</li>
				  <li>sd_medicaddons_spacer_surg_lamp</li>
				</value>
			</li>
			
			</operations>
	</Operation>

	<Operation Class="PatchOperationSequence">
		<success>Always</success>
		<operations>
			<li Class="sd_medicaddons.PatchOperationFindMod">
				<modName>[T] MoreBedsCloth</modName>
			</li>
			<li Class="PatchOperationAdd">
				<xpath>*/ThingDef[@Name = "TDoubleBedBase"]/comps/li[@Class = "CompProperties_AffectedByFacilities"]/linkableFacilities</xpath>
				<value>
				  <li>sd_medicaddons_medieval_surg_washpan</li>  
				  <li>sd_medicaddons_medieval_surg_instruments</li>
				  <li>sd_medicaddons_medieval_surg_lamp</li>
				  <li>sd_medicaddons_industrial_surg_instruments</li>
				  <li>sd_medicaddons_industrial_surg_lamp</li>
				  <li>sd_medicaddons_spacer_surg_vitalsmonitor</li>
				  <li>sd_medicaddons_spacer_surg_instruments</li>
				  <li>sd_medicaddons_spacer_surg_lamp</li> 
				</value>
			</li>
			
			</operations>
	</Operation>

	<Operation Class="PatchOperationSequence">
		<success>Always</success>
		<operations>
			<li Class="sd_medicaddons.PatchOperationFindMod">
				<modName>[T] MoreBedsCloth</modName>
			</li>
			<li Class="PatchOperationAdd">
					<xpath>*/ThingDef[@Name = "TRoyalBedBase"]/comps/li[@Class = "CompProperties_AffectedByFacilities"]/linkableFacilities</xpath>
					<value>
					  <li>sd_medicaddons_medieval_surg_washpan</li>  
					  <li>sd_medicaddons_medieval_surg_instruments</li>
					  <li>sd_medicaddons_medieval_surg_lamp</li>
					  <li>sd_medicaddons_industrial_surg_instruments</li>
					  <li>sd_medicaddons_industrial_surg_lamp</li>
					  <li>sd_medicaddons_spacer_surg_vitalsmonitor</li>
					  <li>sd_medicaddons_spacer_surg_instruments</li>
					  <li>sd_medicaddons_spacer_surg_lamp</li> 
					</value>
				</li>
			
			</operations>
	</Operation>
	
	<!-- vanilla version  of more beds patches -->
	
	<!--========================= adding facilities =============================-->
	
	<Operation Class="PatchOperationSequence">
		<success>Always</success>
		<operations>
			<li Class="sd_medicaddons.PatchOperationFindMod">
				<modName>[T] MoreBedsVanilla</modName>
			</li>
			<li Class="PatchOperationAdd">
				<xpath>*/ThingDef[@Name = "TBedBase"]/comps/li[@Class = "CompProperties_AffectedByFacilities"]/linkableFacilities</xpath>
				<value>
				  <li>sd_medicaddons_medieval_surg_washpan</li>  
				  <li>sd_medicaddons_medieval_surg_instruments</li>
				  <li>sd_medicaddons_medieval_surg_lamp</li>
				  <li>sd_medicaddons_industrial_surg_instruments</li>
				  <li>sd_medicaddons_industrial_surg_lamp</li>
				  <li>sd_medicaddons_spacer_surg_vitalsmonitor</li>
				  <li>sd_medicaddons_spacer_surg_instruments</li>
				  <li>sd_medicaddons_spacer_surg_lamp</li>
				</value>
			</li>
			
			</operations>
	</Operation>

	<Operation Class="PatchOperationSequence">
		<success>Always</success>
		<operations>
			<li Class="sd_medicaddons.PatchOperationFindMod">
				<modName>[T] MoreBedsVanilla</modName>
			</li>
			<li Class="PatchOperationAdd">
				<xpath>*/ThingDef[@Name = "TDoubleBedBase"]/comps/li[@Class = "CompProperties_AffectedByFacilities"]/linkableFacilities</xpath>
				<value>
				  <li>sd_medicaddons_medieval_surg_washpan</li>  
				  <li>sd_medicaddons_medieval_surg_instruments</li>
				  <li>sd_medicaddons_medieval_surg_lamp</li>
				  <li>sd_medicaddons_industrial_surg_instruments</li>
				  <li>sd_medicaddons_industrial_surg_lamp</li>
				  <li>sd_medicaddons_spacer_surg_vitalsmonitor</li>
				  <li>sd_medicaddons_spacer_surg_instruments</li>
				  <li>sd_medicaddons_spacer_surg_lamp</li> 
				</value>
			</li>
			
			</operations>
	</Operation>

	<Operation Class="PatchOperationSequence">
		<success>Always</success>
		<operations>
			<li Class="sd_medicaddons.PatchOperationFindMod">
				<modName>[T] MoreBedsVanilla</modName>
			</li>
			<li Class="PatchOperationAdd">
					<xpath>*/ThingDef[@Name = "TRoyalBedBase"]/comps/li[@Class = "CompProperties_AffectedByFacilities"]/linkableFacilities</xpath>
					<value>
					  <li>sd_medicaddons_medieval_surg_washpan</li>  
					  <li>sd_medicaddons_medieval_surg_instruments</li>
					  <li>sd_medicaddons_medieval_surg_lamp</li>
					  <li>sd_medicaddons_industrial_surg_instruments</li>
					  <li>sd_medicaddons_industrial_surg_lamp</li>
					  <li>sd_medicaddons_spacer_surg_vitalsmonitor</li>
					  <li>sd_medicaddons_spacer_surg_instruments</li>
					  <li>sd_medicaddons_spacer_surg_lamp</li> 
					</value>
				</li>
			
			</operations>
	</Operation>

	
	
</Patch>